{
  "options": {
    "summaryTrendStats": [
      "avg",
      "min",
      "med",
      "max",
      "p(90)",
      "p(95)"
    ],
    "summaryTimeUnit": "",
    "noColor": false
  },
  "state": {
    "isStdOutTTY": false,
    "isStdErrTTY": false,
    "testRunDurationMs": 120068.89851
  },
  "metrics": {
    "checks": {
      "type": "rate",
      "contains": "default",
      "values": {
        "rate": 1,
        "passes": 1002,
        "fails": 0
      }
    },
    "iterations": {
      "type": "counter",
      "contains": "default",
      "values": {
        "count": 334,
        "rate": 2.7817361876787987
      }
    },
    "http_req_connecting": {
      "type": "trend",
      "contains": "time",
      "values": {
        "med": 0,
        "max": 6.373832,
        "p(90)": 0,
        "p(95)": 0,
        "avg": 0.1812821526946108,
        "min": 0
      }
    },
    "http_req_waiting": {
      "values": {
        "p(95)": 14.1650663,
        "avg": 11.858587119760475,
        "min": 8.925363,
        "med": 11.7606415,
        "max": 24.016502,
        "p(90)": 13.726855599999999
      },
      "type": "trend",
      "contains": "time"
    },
    "error_rate": {
      "type": "rate",
      "contains": "default",
      "values": {
        "passes": 0,
        "fails": 334,
        "rate": 0
      }
    },
    "data_sent": {
      "type": "counter",
      "contains": "data",
      "values": {
        "count": 109806,
        "rate": 914.5249216295156
      }
    },
    "iteration_duration": {
      "type": "trend",
      "contains": "time",
      "values": {
        "avg": 2001.6012605718577,
        "min": 1018.800786,
        "med": 2007.632001,
        "max": 3012.85858,
        "p(90)": 2790.728996,
        "p(95)": 2884.2616595
      }
    },
    "http_req_receiving": {
      "type": "trend",
      "contains": "time",
      "values": {
        "p(90)": 2.8617436,
        "p(95)": 3.4318086499999962,
        "avg": 1.4524140179640719,
        "min": 0.030938,
        "med": 0.27337849999999997,
        "max": 14.801745
      }
    },
    "http_req_sending": {
      "type": "trend",
      "contains": "time",
      "values": {
        "med": 0.0857055,
        "max": 0.240449,
        "p(90)": 0.102218,
        "p(95)": 0.10928334999999997,
        "avg": 0.08336760778443111,
        "min": 0.033903
      }
    },
    "vus": {
      "type": "gauge",
      "contains": "default",
      "values": {
        "max": 10,
        "value": 1,
        "min": 1
      }
    },
    "http_req_tls_handshaking": {
      "contains": "time",
      "values": {
        "avg": 0.31959558682634726,
        "min": 0,
        "med": 0,
        "max": 15.092342,
        "p(90)": 0,
        "p(95)": 0
      },
      "type": "trend"
    },
    "vus_max": {
      "type": "gauge",
      "contains": "default",
      "values": {
        "value": 10,
        "min": 10,
        "max": 10
      }
    },
    "successful_requests": {
      "type": "counter",
      "contains": "default",
      "values": {
        "count": 334,
        "rate": 2.7817361876787987
      }
    },
    "data_received": {
      "type": "counter",
      "contains": "data",
      "values": {
        "rate": 331057.6968163777,
        "count": 39749733
      }
    },
    "http_req_blocked": {
      "contains": "time",
      "values": {
        "p(90)": 0.000621,
        "p(95)": 0.000932649999999998,
        "avg": 0.5067637874251498,
        "min": 0.00024,
        "med": 0.000351,
        "max": 20.981863
      },
      "type": "trend"
    },
    "http_req_duration{expected_response:true}": {
      "type": "trend",
      "contains": "time",
      "values": {
        "med": 12.9559295,
        "max": 28.567402,
        "p(90)": 16.2756744,
        "p(95)": 17.541675549999994,
        "avg": 13.39436874550899,
        "min": 9.283783
      }
    },
    "http_req_duration": {
      "type": "trend",
      "contains": "time",
      "values": {
        "min": 9.283783,
        "med": 12.9559295,
        "max": 28.567402,
        "p(90)": 16.2756744,
        "p(95)": 17.541675549999994,
        "avg": 13.39436874550899
      }
    },
    "http_req_failed": {
      "type": "rate",
      "contains": "default",
      "values": {
        "rate": 0,
        "passes": 0,
        "fails": 334
      }
    },
    "http_reqs": {
      "type": "counter",
      "contains": "default",
      "values": {
        "count": 334,
        "rate": 2.7817361876787987
      }
    }
  },
  "root_group": {
    "id": "d41d8cd98f00b204e9800998ecf8427e",
    "groups": [],
    "checks": [
        {
          "name": "status is 200",
          "path": "::status is 200",
          "id": "6210a8cd14cd70477eba5c5e4cb3fb5f",
          "passes": 334,
          "fails": 0
        },
        {
          "name": "response time < 2000ms",
          "path": "::response time < 2000ms",
          "id": "50eb6c385f8b45a1048843ac60969859",
          "passes": 334,
          "fails": 0
        },
        {
          "name": "body is not empty",
          "path": "::body is not empty",
          "id": "07acb1819a671220411c076fcb8fe456",
          "passes": 334,
          "fails": 0
        }
      ],
    "name": "",
    "path": ""
  }
}