{
  "metrics": {
    "iteration_duration": {
      "type": "trend",
      "contains": "time",
      "values": {
        "min": 1023.370865,
        "med": 2036.322283,
        "max": 3014.962867,
        "p(90)": 2808.3479839,
        "p(95)": 2898.05603145,
        "avg": 2000.8852997574859
      }
    },
    "http_reqs": {
      "type": "counter",
      "contains": "default",
      "values": {
        "count": 334,
        "rate": 2.7623104529323976
      }
    },
    "http_req_duration{expected_response:true}": {
      "type": "trend",
      "contains": "time",
      "values": {
        "med": 20.5500425,
        "max": 52.162059,
        "p(90)": 27.454017099999998,
        "p(95)": 28.876473949999994,
        "avg": 22.174756428143716,
        "min": 13.352733
      }
    },
    "iterations": {
      "values": {
        "count": 334,
        "rate": 2.7623104529323976
      },
      "type": "counter",
      "contains": "default"
    },
    "http_req_connecting": {
      "type": "trend",
      "contains": "time",
      "values": {
        "med": 0,
        "max": 15.008778,
        "p(90)": 0,
        "p(95)": 0,
        "avg": 0.39113786826347297,
        "min": 0
      }
    },
    "vus": {
      "type": "gauge",
      "contains": "default",
      "values": {
        "value": 1,
        "min": 1,
        "max": 10
      }
    },
    "http_req_duration": {
      "values": {
        "avg": 22.174756428143716,
        "min": 13.352733,
        "med": 20.5500425,
        "max": 52.162059,
        "p(90)": 27.454017099999998,
        "p(95)": 28.876473949999994
      },
      "type": "trend",
      "contains": "time"
    },
    "http_req_sending": {
      "type": "trend",
      "contains": "time",
      "values": {
        "avg": 0.09578751197604789,
        "min": 0.043771,
        "med": 0.09593299999999999,
        "max": 0.208487,
        "p(90)": 0.116384,
        "p(95)": 0.12289284999999998
      }
    },
    "error_rate": {
      "type": "rate",
      "contains": "default",
      "values": {
        "passes": 0,
        "fails": 334,
        "rate": 0
      }
    },
    "http_req_tls_handshaking": {
      "contains": "time",
      "values": {
        "avg": 0.4862765149700598,
        "min": 0,
        "med": 0,
        "max": 18.799842,
        "p(90)": 0,
        "p(95)": 0
      },
      "type": "trend"
    },
    "data_received": {
      "type": "counter",
      "contains": "data",
      "values": {
        "rate": 328874.4714628075,
        "count": 39765289
      }
    },
    "http_req_blocked": {
      "type": "trend",
      "contains": "time",
      "values": {
        "avg": 0.884370649700598,
        "min": 0.00024,
        "med": 0.000361,
        "max": 34.014632,
        "p(90)": 0.0007317,
        "p(95)": 0.0009359999999999986
      }
    },
    "http_req_failed": {
      "contains": "default",
      "values": {
        "rate": 0,
        "passes": 0,
        "fails": 334
      },
      "type": "rate"
    },
    "data_sent": {
      "type": "counter",
      "contains": "data",
      "values": {
        "count": 114880,
        "rate": 950.1024695595025
      }
    },
    "http_req_waiting": {
      "type": "trend",
      "contains": "time",
      "values": {
        "p(95)": 21.4120495,
        "avg": 18.742699820359285,
        "min": 12.907987,
        "med": 18.905552999999998,
        "max": 25.238135,
        "p(90)": 20.9899602
      }
    },
    "checks": {
      "type": "rate",
      "contains": "default",
      "values": {
        "rate": 1,
        "passes": 1002,
        "fails": 0
      }
    },
    "http_req_receiving": {
      "values": {
        "p(95)": 7.498776799999997,
        "avg": 3.336269095808382,
        "min": 0.040215,
        "med": 0.51154,
        "max": 33.381731,
        "p(90)": 6.895235400000001
      },
      "type": "trend",
      "contains": "time"
    },
    "vus_max": {
      "type": "gauge",
      "contains": "default",
      "values": {
        "value": 10,
        "min": 10,
        "max": 10
      }
    },
    "successful_requests": {
      "type": "counter",
      "contains": "default",
      "values": {
        "count": 334,
        "rate": 2.7623104529323976
      }
    }
  },
  "root_group": {
    "name": "",
    "path": "",
    "id": "d41d8cd98f00b204e9800998ecf8427e",
    "groups": [],
    "checks": [
        {
          "name": "status is 200",
          "path": "::status is 200",
          "id": "6210a8cd14cd70477eba5c5e4cb3fb5f",
          "passes": 334,
          "fails": 0
        },
        {
          "name": "response time < 2000ms",
          "path": "::response time < 2000ms",
          "id": "50eb6c385f8b45a1048843ac60969859",
          "passes": 334,
          "fails": 0
        },
        {
          "name": "body is not empty",
          "path": "::body is not empty",
          "id": "07acb1819a671220411c076fcb8fe456",
          "passes": 334,
          "fails": 0
        }
      ]
  },
  "options": {
    "summaryTimeUnit": "",
    "noColor": false,
    "summaryTrendStats": [
      "avg",
      "min",
      "med",
      "max",
      "p(90)",
      "p(95)"
    ]
  },
  "state": {
    "isStdOutTTY": false,
    "isStdErrTTY": false,
    "testRunDurationMs": 120913.273758
  }
}