{
  "options": {
    "noColor": false,
    "summaryTrendStats": [
      "avg",
      "min",
      "med",
      "max",
      "p(90)",
      "p(95)"
    ],
    "summaryTimeUnit": ""
  },
  "state": {
    "isStdOutTTY": false,
    "isStdErrTTY": false,
    "testRunDurationMs": 30743.081461
  },
  "metrics": {
    "http_reqs": {
      "type": "counter",
      "contains": "default",
      "values": {
        "rate": 0.9758293109966008,
        "count": 30
      }
    },
    "http_req_waiting": {
      "type": "trend",
      "contains": "time",
      "values": {
        "max": 12.891236,
        "p(90)": 9.049051600000002,
        "p(95)": 9.92017955,
        "avg": 7.776338499999999,
        "min": 6.266973,
        "med": 7.455646
      }
    },
    "pokemon_request_duration": {
      "type": "trend",
      "contains": "default",
      "values": {
        "p(90)": 11.292236100000004,
        "p(95)": 13.815716499999997,
        "avg": 9.405609000000002,
        "min": 7.043719,
        "med": 8.80469,
        "max": 16.064625
      }
    },
    "checks": {
      "type": "rate",
      "contains": "default",
      "values": {
        "rate": 1,
        "passes": 120,
        "fails": 0
      }
    },
    "data_sent": {
      "contains": "data",
      "values": {
        "count": 17170,
        "rate": 558.4996423270545
      },
      "type": "counter"
    },
    "http_req_duration": {
      "type": "trend",
      "contains": "time",
      "values": {
        "med": 8.80469,
        "max": 16.064625,
        "p(90)": 11.292236100000004,
        "p(95)": 13.815716499999997,
        "avg": 9.405609000000002,
        "min": 7.043719
      }
    },
    "http_req_sending": {
      "type": "trend",
      "contains": "time",
      "values": {
        "med": 0.0993945,
        "max": 0.188708,
        "p(90)": 0.12577740000000004,
        "p(95)": 0.1665438999999999,
        "avg": 0.10616913333333332,
        "min": 0.074538
      }
    },
    "iterations": {
      "type": "counter",
      "contains": "default",
      "values": {
        "count": 30,
        "rate": 0.9758293109966008
      }
    },
    "http_req_duration{expected_response:true}": {
      "contains": "time",
      "values": {
        "p(95)": 13.815716499999997,
        "avg": 9.405609000000002,
        "min": 7.043719,
        "med": 8.80469,
        "max": 16.064625,
        "p(90)": 11.292236100000004
      },
      "type": "trend"
    },
    "http_req_blocked": {
      "type": "trend",
      "contains": "time",
      "values": {
        "med": 0.000406,
        "max": 11.747567,
        "p(90)": 0.000741,
        "p(95)": 0.0007629999999999999,
        "avg": 0.39203590000000016,
        "min": 0.000281
      }
    },
    "http_req_connecting": {
      "type": "trend",
      "contains": "time",
      "values": {
        "avg": 0.0861193,
        "min": 0,
        "med": 0,
        "max": 2.583579,
        "p(90)": 0,
        "p(95)": 0
      }
    },
    "iteration_duration": {
      "type": "trend",
      "contains": "time",
      "values": {
        "p(95)": 1031.0374412,
        "avg": 1024.7333291666666,
        "min": 1018.434937,
        "med": 1024.0818694999998,
        "max": 1044.59612,
        "p(90)": 1029.41344
      }
    },
    "vus": {
      "type": "gauge",
      "contains": "default",
      "values": {
        "max": 1,
        "value": 1,
        "min": 1
      }
    },
    "vus_max": {
      "type": "gauge",
      "contains": "default",
      "values": {
        "value": 1,
        "min": 1,
        "max": 1
      }
    },
    "error_rate": {
      "values": {
        "rate": 0,
        "passes": 0,
        "fails": 30
      },
      "type": "rate",
      "contains": "default"
    },
    "http_req_receiving": {
      "contains": "time",
      "values": {
        "min": 0.675077,
        "med": 1.0674715,
        "max": 8.137181,
        "p(90)": 2.5119153,
        "p(95)": 3.0595530499999986,
        "avg": 1.5231013666666666
      },
      "type": "trend"
    },
    "data_received": {
      "values": {
        "count": 9713520,
        "rate": 315957.9176317234
      },
      "type": "counter",
      "contains": "data"
    },
    "http_req_tls_handshaking": {
      "type": "trend",
      "contains": "time",
      "values": {
        "avg": 0.2815579,
        "min": 0,
        "med": 0,
        "max": 8.446737,
        "p(90)": 0,
        "p(95)": 0
      }
    },
    "http_req_failed": {
      "values": {
        "rate": 0,
        "passes": 0,
        "fails": 30
      },
      "type": "rate",
      "contains": "default"
    }
  },
  "root_group": {
    "name": "",
    "path": "",
    "id": "d41d8cd98f00b204e9800998ecf8427e",
    "groups": [],
    "checks": [
        {
          "name": "status is 200",
          "path": "::status is 200",
          "id": "6210a8cd14cd70477eba5c5e4cb3fb5f",
          "passes": 30,
          "fails": 0
        },
        {
          "fails": 0,
          "name": "has name field",
          "path": "::has name field",
          "id": "9eb2be27d4d529054337ab6da3306dc9",
          "passes": 30
        },
        {
          "name": "has types field",
          "path": "::has types field",
          "id": "c90d75fa506e5827a4d1a654781229d4",
          "passes": 30,
          "fails": 0
        },
        {
          "name": "content-type is json",
          "path": "::content-type is json",
          "id": "c544ce8ea75d5205f66e0fea6489a1fb",
          "passes": 30,
          "fails": 0
        }
      ]
  }
}