{
  "metrics": {
    "http_req_tls_handshaking": {
      "values": {
        "p(95)": 0,
        "avg": 0.387554,
        "min": 0,
        "med": 0,
        "max": 11.62662,
        "p(90)": 0
      },
      "type": "trend",
      "contains": "time"
    },
    "error_rate": {
      "values": {
        "rate": 0,
        "passes": 0,
        "fails": 30
      },
      "type": "rate",
      "contains": "default"
    },
    "data_received": {
      "type": "counter",
      "contains": "data",
      "values": {
        "count": 9950840,
        "rate": 321842.36225278775
      }
    },
    "pokemon_request_duration": {
      "type": "trend",
      "contains": "default",
      "values": {
        "p(90)": 16.9501028,
        "p(95)": 18.757658149999997,
        "avg": 14.92361943333333,
        "min": 11.819552,
        "med": 13.930013500000001,
        "max": 36.193707
      }
    },
    "http_req_duration": {
      "type": "trend",
      "contains": "time",
      "values": {
        "max": 36.193707,
        "p(90)": 16.9501028,
        "p(95)": 18.757658149999997,
        "avg": 14.92361943333333,
        "min": 11.819552,
        "med": 13.930013500000001
      }
    },
    "iterations": {
      "type": "counter",
      "contains": "default",
      "values": {
        "count": 30,
        "rate": 0.9702970671404255
      }
    },
    "http_req_waiting": {
      "type": "trend",
      "contains": "time",
      "values": {
        "avg": 11.424779266666667,
        "min": 9.929227,
        "med": 11.279852,
        "max": 15.26545,
        "p(90)": 12.6255311,
        "p(95)": 12.953975849999999
      }
    },
    "http_req_connecting": {
      "values": {
        "avg": 0.2093299,
        "min": 0,
        "med": 0,
        "max": 6.279897,
        "p(90)": 0,
        "p(95)": 0
      },
      "type": "trend",
      "contains": "time"
    },
    "http_req_failed": {
      "values": {
        "rate": 0,
        "passes": 0,
        "fails": 30
      },
      "type": "rate",
      "contains": "default"
    },
    "http_req_blocked": {
      "values": {
        "p(90)": 0.0006129000000000002,
        "p(95)": 0.0008215499999999995,
        "avg": 0.6195816666666669,
        "min": 0.000291,
        "med": 0.000381,
        "max": 18.575346
      },
      "type": "trend",
      "contains": "time"
    },
    "vus": {
      "type": "gauge",
      "contains": "default",
      "values": {
        "value": 1,
        "min": 1,
        "max": 1
      }
    },
    "checks": {
      "type": "rate",
      "contains": "default",
      "values": {
        "rate": 1,
        "passes": 120,
        "fails": 0
      }
    },
    "http_req_sending": {
      "contains": "time",
      "values": {
        "min": 0.042961,
        "med": 0.09371550000000001,
        "max": 0.115917,
        "p(90)": 0.1095161,
        "p(95)": 0.1102495,
        "avg": 0.08752309999999999
      },
      "type": "trend"
    },
    "iteration_duration": {
      "type": "trend",
      "contains": "time",
      "values": {
        "p(90)": 1033.8989291,
        "p(95)": 1034.6151295,
        "avg": 1030.5805752333335,
        "min": 1022.669921,
        "med": 1029.7946235,
        "max": 1072.404742
      }
    },
    "http_reqs": {
      "type": "counter",
      "contains": "default",
      "values": {
        "rate": 0.9702970671404255,
        "count": 30
      }
    },
    "http_req_receiving": {
      "values": {
        "min": 1.799175,
        "med": 2.486583,
        "max": 22.916073,
        "p(90)": 3.8495588000000005,
        "p(95)": 5.649908749999993,
        "avg": 3.411317066666667
      },
      "type": "trend",
      "contains": "time"
    },
    "http_req_duration{expected_response:true}": {
      "type": "trend",
      "contains": "time",
      "values": {
        "max": 36.193707,
        "p(90)": 16.9501028,
        "p(95)": 18.757658149999997,
        "avg": 14.92361943333333,
        "min": 11.819552,
        "med": 13.930013500000001
      }
    },
    "data_sent": {
      "type": "counter",
      "contains": "data",
      "values": {
        "count": 23650,
        "rate": 764.9175212623688
      }
    },
    "vus_max": {
      "type": "gauge",
      "contains": "default",
      "values": {
        "value": 1,
        "min": 1,
        "max": 1
      }
    }
  },
  "root_group": {
    "path": "",
    "id": "d41d8cd98f00b204e9800998ecf8427e",
    "groups": [],
    "checks": [
        {
          "name": "status is 200",
          "path": "::status is 200",
          "id": "6210a8cd14cd70477eba5c5e4cb3fb5f",
          "passes": 30,
          "fails": 0
        },
        {
          "name": "has name field",
          "path": "::has name field",
          "id": "9eb2be27d4d529054337ab6da3306dc9",
          "passes": 30,
          "fails": 0
        },
        {
          "path": "::has types field",
          "id": "c90d75fa506e5827a4d1a654781229d4",
          "passes": 30,
          "fails": 0,
          "name": "has types field"
        },
        {
          "name": "content-type is json",
          "path": "::content-type is json",
          "id": "c544ce8ea75d5205f66e0fea6489a1fb",
          "passes": 30,
          "fails": 0
        }
      ],
    "name": ""
  },
  "options": {
    "summaryTrendStats": [
      "avg",
      "min",
      "med",
      "max",
      "p(90)",
      "p(95)"
    ],
    "summaryTimeUnit": "",
    "noColor": false
  },
  "state": {
    "isStdOutTTY": false,
    "isStdErrTTY": false,
    "testRunDurationMs": 30918.366154
  }
}